product_line,count,rating,rating_mean
Food and beverages,174,1237.7,7.113218390804598
Fashion accessories,178,1251.2,7.0292134831460675
Health and beauty,152,1064.5,7.003289473684211
Electronic accessories,170,1177.2,6.924705882352941
Sports and travel,166,1148.1,6.916265060240963
